id,E,DeltaE,group_id,is_outlier,energy_bucket
0#0,-1547.657785,9.551674999999932,19,0,high
1#0,-1552.612539,4.596921000000066,20,0,mid
10#0,-1555.417784,1.7916760000000522,21,0,low
100#0,-1552.217633,4.9918270000000575,22,0,mid
101#0,-1552.886542,4.322918000000072,23,0,mid
102#0,-1544.625769,12.583691000000044,24,0,high
103#0,-1548.519202,8.690258000000085,25,0,high
104#0,-1550.422329,6.787131000000045,26,0,mid
105#0,-1551.619445,5.590014999999994,27,0,mid
106#0,-1550.422336,6.787123999999949,28,0,mid
107#0,-1549.506412,7.703048000000081,29,0,high
108#0,-1550.116729,7.092730999999958,30,0,mid
109#0,-1546.356808,10.852652000000035,31,0,high
11#0,-1554.756643,2.4528170000000955,32,0,low
110#0,-1549.161931,8.04752899999994,33,0,high
111#0,-1555.687918,1.521541999999954,34,0,low
112#0,-1550.2891,6.920360000000073,35,0,mid
113#0,-1555.23919,1.9702700000000277,36,0,low
114#0,-1555.239197,1.9702629999999317,37,0,low
115#0,-1555.19279,2.0166699999999764,38,0,low
116#0,-1548.984913,8.22454700000003,39,0,high
117#0,-1547.451362,9.758098000000018,40,0,high
118#0,-1554.413958,2.795501999999942,41,0,low
119#0,-1548.942856,8.266604000000143,42,0,high
12#0,-1554.008166,3.2012939999999617,43,0,low
120#0,-1550.896967,6.312493000000131,44,0,mid
121#0,-1553.507074,3.702385999999933,45,0,low
122#0,-1552.581328,4.6281320000000505,46,0,mid
123#0,-1546.819741,10.389719000000014,47,0,high
124#0,-1546.717161,10.492299000000003,48,0,high
125#0,-1545.073909,12.135551000000078,49,0,high
126#0,-1546.874346,10.335113999999976,50,0,high
127#0,-1546.662154,10.547305999999935,51,0,high
128#0,-1551.041262,6.168198000000075,52,0,mid
129#0,-1552.849328,4.360132000000021,53,0,mid
13#0,-1554.128204,3.0812559999999394,54,0,low
130#0,-1548.496892,8.712568000000147,55,0,high
131#0,-1548.496894,8.712565999999924,56,0,high
132#0,-1548.496886,8.712574000000131,57,0,high
133#0,-1550.714961,6.494499000000133,58,0,mid
134#0,-1551.03691,6.172550000000001,59,0,mid
135#0,-1548.942851,8.266609000000017,60,0,high
136#0,-1551.048898,6.160562000000027,61,0,mid
137#0,-1553.737843,3.471616999999924,62,0,low
138#0,-1551.688837,5.520623000000114,63,0,mid
139#0,-1552.557847,4.6516129999999976,64,0,mid
14#0,-1552.866415,4.343045000000075,65,0,mid
140#0,-1553.635898,3.573562000000038,66,0,low
141#0,-1553.639366,3.5700939999999264,67,0,low
142#0,-1543.034624,14.174836000000141,68,0,high
143#0,-1549.161871,8.047589000000016,69,0,high
144#0,-1551.041267,6.168192999999974,70,0,mid
145#0,-1552.169405,5.0400549999999384,71,0,mid
146#0,-1551.041271,6.168188999999984,72,0,mid
147#0,-1545.269752,11.93970800000011,73,0,high
148#0,-1554.182181,3.027279000000135,74,0,low
149#0,-1546.873976,10.335483999999951,75,0,high
15#0,-1551.37442,5.835039999999935,76,0,mid
150#0,-1551.516846,5.692614000000049,77,0,mid
151#0,-1551.516843,5.692616999999927,78,0,mid
152#0,-1544.63298,12.576479999999947,79,0,high
153#0,-1550.680563,6.528897000000143,80,0,mid
154#0,-1548.496834,8.712626,81,0,high
156#0,-1548.886641,8.322818999999981,82,0,high
157#0,-1553.868871,3.3405890000001364,83,0,low
158#0,-1549.718818,7.49064199999998,84,0,high
159#0,-1551.456898,5.752562000000125,85,0,mid
16#0,-1550.84607,6.363389999999981,86,0,mid
160#0,-1553.788891,3.420569000000114,87,0,low
161#0,-1551.884971,5.324489000000085,88,0,mid
162#0,-1549.76543,7.444030000000112,89,0,high
163#0,-1551.023051,6.18640900000014,90,0,mid
164#0,-1551.721778,5.48768199999995,91,0,mid
165#0,-1549.495734,7.7137259999999515,92,0,high
166#0,-1551.938352,5.27110800000014,93,0,mid
167#0,-1549.048909,8.160550999999941,94,0,high
168#0,-1552.790898,4.418562000000065,95,0,mid
169#0,-1553.046909,4.162551000000121,96,0,mid
17#0,-1551.374404,5.835056000000122,97,0,mid
170#0,-1550.379914,6.829545999999937,98,0,mid
171#0,-1551.426597,5.782863000000134,99,0,mid
172#0,-1551.778221,5.431239000000005,100,0,mid
173#0,-1551.568962,5.64049799999998,101,0,mid
174#0,-1553.048988,4.160472000000027,102,0,mid
175#0,-1551.248134,5.961326000000099,103,0,mid
176#0,-1550.379935,6.829525000000103,104,0,mid
177#0,-1551.619152,5.59030800000005,105,0,mid
178#0,-1552.788836,4.420624000000089,106,0,mid
179#0,-1551.148592,6.060868000000028,107,0,mid
18#0,-1544.773777,12.435682999999926,108,0,high
180#0,-1552.075679,5.133780999999999,109,0,mid
181#0,-1551.680602,5.5288580000001275,110,0,mid
182#0,-1552.449509,4.759951000000001,111,0,mid
183#0,-1550.843107,6.366353000000117,112,0,mid
184#0,-1551.455233,5.754227000000128,113,0,mid
185#0,-1549.169824,8.039635999999973,114,0,high
186#0,-1553.031473,4.17798700000003,115,0,mid
187#0,-1553.755614,3.4538460000001123,116,0,low
188#0,-1547.449101,9.760359000000108,117,0,high
189#0,-1551.039607,6.169853000000103,118,0,mid
19#0,-1549.039125,8.170335000000023,119,0,high
190#0,-1551.916316,5.293143999999984,120,0,mid
191#0,-1553.108309,4.101151000000073,121,0,mid
192#0,-1552.512237,4.697223000000122,122,0,mid
193#0,-1552.727047,4.482412999999951,123,0,mid
194#0,-1550.386529,6.822930999999926,124,0,mid
195#0,-1550.873865,6.335595000000012,125,0,mid
196#0,-1554.364084,2.8453759999999875,126,0,low
197#0,-1551.375554,5.83390600000007,127,0,mid
198#0,-1554.016208,3.1932520000000295,128,0,low
199#0,-1551.716509,5.492950999999948,129,0,mid
2#0,-1549.729217,7.480242999999973,130,0,high
20#0,-1550.802695,6.40676499999995,131,0,mid
200#0,-1553.209933,3.9995269999999437,132,0,low
201#0,-1553.274827,3.934633000000076,133,0,low
202#0,-1552.578575,4.630885000000035,134,0,mid
203#0,-1553.012721,4.19673899999998,135,0,mid
204#0,-1551.698414,5.5110460000000785,136,0,mid
205#0,-1553.787663,3.4217969999999696,137,0,low
206#0,-1550.104063,7.105397000000039,138,0,mid
207#0,-1551.265371,5.944089000000076,139,0,mid
208#0,-1551.579343,5.630116999999927,140,0,mid
209#0,-1551.922574,5.286886000000095,141,0,mid
21#0,-1549.254818,7.954642000000149,142,0,high
210#0,-1553.214181,3.9952789999999823,143,0,low
211#0,-1552.032323,5.17713700000013,144,0,mid
212#0,-1552.074969,5.1344910000000255,145,0,mid
213#0,-1554.257775,2.9516849999999977,146,0,low
214#0,-1553.042783,4.166676999999936,147,0,mid
215#0,-1552.735692,4.473768000000064,148,0,mid
216#0,-1552.489716,4.7197439999999915,149,0,mid
217#0,-1549.633575,7.575884999999971,150,0,high
218#0,-1552.124607,5.0848530000000665,151,0,mid
219#0,-1551.263548,5.945912000000135,152,0,mid
22#0,-1547.542917,9.666543000000047,153,0,high
220#0,-1553.331311,3.8781490000001213,154,0,low
221#0,-1552.55609,4.653369999999995,155,0,mid
222#0,-1552.210494,4.9989660000001095,156,0,mid
223#0,-1551.86897,5.340490000000045,157,0,mid
224#0,-1553.177031,4.032429000000093,158,0,mid
225#0,-1553.546726,3.6627340000000004,159,0,low
226#0,-1553.261349,3.948110999999926,160,0,low
227#0,-1552.659573,4.549887000000126,161,0,mid
228#0,-1552.845255,4.364205000000084,162,0,mid
229#0,-1550.638124,6.571335999999974,163,0,mid
23#0,-1551.627313,5.582147000000077,164,0,mid
230#0,-1552.23283,4.976630000000114,165,0,mid
231#0,-1552.110241,5.099218999999948,166,0,mid
232#0,-1551.357655,5.851805000000013,167,0,mid
233#0,-1552.367494,4.841965999999957,168,0,mid
234#0,-1548.790045,8.419415000000072,169,0,high
235#0,-1553.957533,3.2519270000000233,170,0,low
236#0,-1553.713933,3.4955270000000382,171,0,low
237#0,-1554.207672,3.001788000000033,172,0,low
238#0,-1551.05167,6.157789999999977,173,0,mid
239#0,-1549.976112,7.233347999999978,174,0,mid
24#0,-1555.721965,1.4874950000000808,175,0,low
240#0,-1551.211287,5.998172999999952,176,0,mid
241#0,-1551.662819,5.546641000000136,177,0,mid
242#0,-1553.209845,3.999614999999949,178,0,low
243#0,-1555.680568,1.5288920000000417,179,0,low
244#0,-1552.95631,4.253150000000005,180,0,mid
245#0,-1552.083989,5.125471000000061,181,0,mid
246#0,-1550.961742,6.247718000000077,182,0,mid
247#0,-1553.345388,3.8640720000000783,183,0,low
248#0,-1554.035365,3.1740950000000794,184,0,low
249#0,-1551.799014,5.410446000000093,185,0,mid
25#0,-1550.854979,6.354481000000078,186,0,mid
250#0,-1551.946492,5.262968000000001,187,0,mid
251#0,-1552.917706,4.291754000000083,188,0,mid
252#0,-1550.635412,6.574047999999948,189,0,mid
253#0,-1553.182775,4.026685000000043,190,0,low
254#0,-1551.642426,5.567034000000149,191,0,mid
255#0,-1550.198835,7.010625000000118,192,0,mid
256#0,-1553.125801,4.083659000000125,193,0,mid
257#0,-1553.461154,3.748305999999957,194,0,low
258#0,-1552.351316,4.858144000000038,195,0,mid
259#0,-1554.009292,3.200168000000076,196,0,low
26#0,-1554.608889,2.6005709999999453,197,0,low
260#0,-1551.914427,5.295033000000103,198,0,mid
261#0,-1551.830198,5.379261999999926,199,0,mid
262#0,-1552.366152,4.843307999999979,200,0,mid
263#0,-1553.586011,3.623448999999937,201,0,low
264#0,-1550.474668,6.73479199999997,202,0,mid
265#0,-1550.610802,6.598658000000114,203,0,mid
266#0,-1551.874621,5.334839000000102,204,0,mid
267#0,-1551.504715,5.704745000000003,205,0,mid
268#0,-1551.621529,5.587931000000026,206,0,mid
269#0,-1551.437164,5.772296000000097,207,0,mid
27#0,-1550.854957,6.354503000000022,208,0,mid
270#0,-1551.392567,5.816892999999936,209,0,mid
271#0,-1555.796442,1.4130179999999655,210,0,low
272#0,-1554.24416,2.96530000000007,211,0,low
273#0,-1554.417046,2.792414000000008,212,0,low
274#0,-1551.32226,5.887200000000121,213,0,mid
275#0,-1555.438587,1.7708729999999377,214,0,low
276#0,-1551.769261,5.440199000000121,215,0,mid
277#0,-1554.470402,2.7390580000001137,216,0,low
278#0,-1553.427102,3.782357999999931,217,0,low
279#0,-1553.57009,3.639370000000099,218,0,low
28#0,-1554.990032,2.219428000000107,219,0,low
280#0,-1553.696638,3.512822000000142,220,0,low
281#0,-1555.166257,2.0432029999999486,221,0,low
282#0,-1552.37699,4.8324700000000576,222,0,mid
283#0,-1553.460688,3.7487720000001445,223,0,low
284#0,-1552.678471,4.5309890000000905,224,0,mid
285#0,-1553.667577,3.541883000000098,225,0,low
286#0,-1553.930584,3.278876000000082,226,0,low
287#0,-1551.844263,5.36519700000008,227,0,mid
288#0,-1553.835336,3.374123999999938,228,0,low
289#0,-1551.7881,5.42136000000005,229,0,mid
29#0,-1548.396871,8.812589000000116,230,0,high
290#0,-1550.95582,6.253640000000132,231,0,mid
291#0,-1552.829693,4.379767000000129,232,0,mid
292#0,-1551.311521,5.897938999999951,233,0,mid
293#0,-1554.442154,2.7673059999999623,234,0,low
294#0,-1553.667805,3.5416549999999916,235,0,low
295#0,-1552.805211,4.404248999999936,236,0,mid
296#0,-1553.949756,3.259704000000056,237,0,low
297#0,-1554.2955,2.9139600000000883,238,0,low
298#0,-1552.069902,5.139558000000079,239,0,mid
299#0,-1553.880941,3.328519000000142,240,0,low
3#0,-1551.848471,5.360989000000018,241,0,mid
30#0,-1554.661088,2.548371999999972,242,0,low
300#0,-1552.56552,4.64393999999993,243,0,mid
301#0,-1551.841099,5.36836100000005,244,0,mid
302#0,-1555.594658,1.6148020000000542,245,0,low
303#0,-1551.426123,5.783337000000074,246,0,mid
304#0,-1554.876582,2.332877999999937,247,0,low
305#0,-1547.329156,9.880304000000024,248,0,high
306#0,-1552.054229,5.155230999999958,249,0,mid
307#0,-1552.976783,4.232676999999967,250,0,mid
308#0,-1550.805263,6.404197000000067,251,0,mid
309#0,-1543.449071,13.760389000000032,252,0,high
31#0,-1549.186521,8.022938999999951,253,0,high
310#0,-1551.834287,5.375173000000132,254,0,mid
311#0,-1551.003825,6.205635000000029,255,0,mid
312#0,-1553.987531,3.2219290000000456,256,0,low
313#0,-1555.674617,1.5348430000001372,257,0,low
314#0,-1555.676499,1.532961000000114,258,0,low
315#0,-1555.942373,1.2670869999999468,0,0,low
316#0,-1555.942377,1.2670829999999569,0,0,low
317#0,-1541.630744,15.578715999999986,259,1,high
318#0,-1555.674641,1.5348189999999704,260,0,low
319#0,-1555.676496,1.5329639999999927,261,0,low
32#0,-1548.886616,8.322844000000032,262,0,high
320#0,-1555.674627,1.534832999999935,263,0,low
321#0,-1549.316975,7.892485000000079,264,0,high
322#0,-1551.880711,5.328749000000016,265,0,mid
323#0,-1553.997718,3.2117419999999584,266,0,low
324#0,-1551.880767,5.32869299999993,267,0,mid
325#0,-1551.880754,5.328706000000011,268,0,mid
326#0,-1552.507851,4.701608999999962,269,0,mid
327#0,-1551.06244,6.147020000000111,270,0,mid
328#0,-1554.514728,2.694731999999931,271,0,low
329#0,-1554.514736,2.694723999999951,272,0,low
33#0,-1548.886606,8.322854000000007,273,0,high
330#0,-1550.89562,6.313840000000027,274,0,mid
331#0,-1555.507573,1.7018869999999424,275,0,low
332#0,-1555.924234,1.285225999999966,276,0,low
333#0,-1553.5287,3.680759999999964,277,0,low
334#0,-1551.598211,5.6112490000000435,278,0,mid
335#0,-1545.206294,12.003165999999965,279,0,high
336#0,-1555.676499,1.532961000000114,280,0,low
337#0,-1555.288757,1.9207030000000032,281,0,low
338#0,-1552.226529,4.982931000000008,282,0,mid
339#0,-1547.468634,9.74082599999997,283,0,high
34#0,-1551.754481,5.454979000000094,284,0,mid
340#0,-1554.505303,2.704157000000123,285,0,low
341#0,-1553.216216,3.9932440000000042,286,0,low
342#0,-1550.931429,6.278031000000055,287,0,mid
343#0,-1551.682761,5.526699000000008,288,0,mid
344#0,-1541.592041,15.617418999999927,289,1,high
345#0,-1552.440825,4.768635000000131,290,0,mid
346#0,-1552.953984,4.255476000000044,291,0,mid
347#0,-1554.322171,2.8872890000000098,292,0,low
348#0,-1554.381549,2.8279110000000856,293,0,low
349#0,-1550.833383,6.376077000000123,294,0,mid
35#0,-1552.632255,4.577205000000049,295,0,mid
350#0,-1557.20946,0.0,296,0,low
351#0,-1557.196241,0.013218999999935477,297,0,low
352#0,-1547.253791,9.955668999999943,298,0,high
353#0,-1550.26202,6.947440000000142,299,0,mid
354#0,-1551.88783,5.321630000000141,1,0,mid
355#0,-1549.47655,7.732909999999947,300,0,high
356#0,-1547.749363,9.460097000000133,301,0,high
357#0,-1547.749368,9.460092000000031,302,0,high
358#0,-1550.262028,6.947431999999935,303,0,mid
359#0,-1549.476558,7.732901999999967,304,0,high
36#0,-1551.044414,6.165046000000075,305,0,mid
360#0,-1547.749368,9.460092000000031,306,0,high
361#0,-1546.090025,11.119435000000067,307,0,high
362#0,-1550.210642,6.998818000000028,308,0,mid
363#0,-1551.887828,5.321632000000136,1,0,mid
364#0,-1550.262022,6.947438000000147,309,0,mid
365#0,-1550.262028,6.947431999999935,310,0,mid
366#0,-1551.887829,5.321631000000025,1,0,mid
367#0,-1551.887826,5.321634000000131,1,0,mid
368#0,-1546.774449,10.435011000000031,311,0,high
369#0,-1548.385083,8.82437700000014,312,0,high
37#0,-1545.768118,11.441342000000077,313,0,high
370#0,-1554.932966,2.276493999999957,314,0,low
371#0,-1548.465157,8.744302999999945,315,0,high
372#0,-1549.354072,7.855387999999948,316,0,high
373#0,-1547.094597,10.114863000000014,317,0,high
374#0,-1549.494856,7.7146040000000085,318,0,high
375#0,-1551.318756,5.890704000000142,319,0,mid
376#0,-1550.081088,7.128372000000127,320,0,mid
377#0,-1548.409178,8.800281999999925,321,0,high
378#0,-1550.181846,7.027614000000085,322,0,mid
379#0,-1551.335932,5.8735280000000785,323,0,mid
38#0,-1545.768123,11.441336999999976,324,0,high
380#0,-1552.032862,5.176598000000013,325,0,mid
381#0,-1552.032866,5.176594000000023,326,0,mid
382#0,-1549.654381,7.555078999999978,327,0,high
383#0,-1550.001686,7.207773999999972,328,0,mid
384#0,-1548.139366,9.070093999999926,329,0,high
385#0,-1549.654359,7.555100999999922,330,0,high
386#0,-1548.295446,8.914013999999952,331,0,high
387#0,-1551.72453,5.484930000000077,332,0,mid
388#0,-1544.703547,12.505912999999964,333,0,high
389#0,-1550.760129,6.449331000000029,334,0,mid
39#0,-1550.21064,6.998820000000023,335,0,mid
390#0,-1548.655693,8.553767000000107,336,0,high
391#0,-1549.863735,7.3457250000001295,337,0,high
392#0,-1551.346542,5.862918000000036,338,0,mid
393#0,-1550.74041,6.469049999999925,2,0,mid
394#0,-1550.740406,6.469054000000142,339,0,mid
395#0,-1548.295444,8.914015999999947,340,0,high
396#0,-1548.913722,8.295738000000028,341,0,high
397#0,-1547.112538,10.09692199999995,342,0,high
398#0,-1551.604581,5.604878999999983,343,0,mid
399#0,-1551.400497,5.808962999999949,344,0,mid
4#0,-1551.374441,5.835019000000102,345,0,mid
40#0,-1550.210638,6.998822000000018,346,0,mid
400#0,-1548.002142,9.207317999999987,347,0,high
401#0,-1548.702202,8.507258000000093,348,0,high
402#0,-1549.05345,8.156009999999924,349,0,high
403#0,-1548.608567,8.600893000000042,350,0,high
404#0,-1550.809228,6.40023199999996,351,0,mid
405#0,-1550.233496,6.975963999999976,352,0,mid
406#0,-1550.594139,6.6153209999999945,353,0,mid
407#0,-1549.946961,7.262498999999934,354,0,mid
408#0,-1554.338684,2.870775999999978,355,0,low
409#0,-1547.290644,9.918816000000106,356,0,high
41#0,-1553.018359,4.191101000000117,357,0,mid
410#0,-1551.521198,5.6882620000001225,358,0,mid
411#0,-1549.49443,7.71503000000007,359,0,high
412#0,-1548.963051,8.246409000000085,360,0,high
413#0,-1550.69955,6.509909999999991,361,0,mid
414#0,-1550.268669,6.94079099999999,362,0,mid
415#0,-1550.807171,6.40228900000011,363,0,mid
416#0,-1552.851497,4.357962999999927,364,0,mid
417#0,-1548.429413,8.780046999999968,365,0,high
418#0,-1549.11832,8.091139999999996,366,0,high
419#0,-1549.12655,8.082910000000084,367,0,high
42#0,-1542.926861,14.282599000000118,368,0,high
420#0,-1545.23996,11.969499999999925,369,0,high
421#0,-1553.790334,3.4191260000000057,370,0,low
422#0,-1551.986642,5.222817999999961,3,0,mid
423#0,-1551.986646,5.222813999999971,371,0,mid
424#0,-1549.720817,7.488643000000138,372,0,high
425#0,-1550.594134,6.6153260000000955,373,0,mid
426#0,-1550.699548,6.509911999999986,374,0,mid
427#0,-1548.270531,8.938929000000144,375,0,high
428#0,-1551.077819,6.131640999999945,376,0,mid
429#0,-1551.940378,5.269082000000026,377,0,mid
43#0,-1547.215543,9.99391700000001,378,0,high
430#0,-1551.413103,5.796356999999944,379,0,mid
431#0,-1550.186331,7.023128999999926,380,0,mid
432#0,-1549.946955,7.2625050000001465,381,0,mid
433#0,-1551.618398,5.591061999999965,382,0,mid
434#0,-1548.91025,8.29921000000013,383,0,high
435#0,-1550.390155,6.819304999999986,384,0,mid
436#0,-1545.80435,11.405109999999922,385,0,high
437#0,-1546.797787,10.411673000000064,386,0,high
438#0,-1549.1211,8.088359999999966,387,0,high
439#0,-1548.115283,9.094176999999945,388,0,high
44#0,-1553.551724,3.6577360000001136,389,0,low
440#0,-1550.468499,6.74096099999997,390,0,mid
441#0,-1551.82777,5.381689999999935,391,0,mid
442#0,-1550.54743,6.662029999999959,392,0,mid
443#0,-1551.328773,5.88068700000008,393,0,mid
444#0,-1551.32878,5.880679999999984,394,0,mid
445#0,-1543.652431,13.557029000000057,395,0,high
446#0,-1551.346544,5.862916000000041,396,0,mid
447#0,-1550.778659,6.430800999999974,397,0,mid
448#0,-1550.016004,7.193455999999969,398,0,mid
449#0,-1550.761665,6.447795000000042,399,0,mid
45#0,-1551.115427,6.094033000000081,400,0,mid
450#0,-1550.845982,6.363477999999986,401,0,mid
451#0,-1551.656922,5.5525380000001405,402,0,mid
452#0,-1550.967516,6.241944000000103,403,0,mid
453#0,-1552.232624,4.976836000000048,404,0,mid
454#0,-1550.096917,7.11254299999996,405,0,mid
455#0,-1551.790458,5.419002000000091,4,0,mid
456#0,-1552.287844,4.9216160000000855,406,0,mid
457#0,-1548.343345,8.866115000000036,407,0,high
458#0,-1548.722512,8.486947999999984,5,0,high
459#0,-1548.124177,9.085283000000118,408,0,high
46#0,-1552.073648,5.135811999999987,409,0,mid
460#0,-1550.161542,7.0479179999999815,410,0,mid
461#0,-1548.124179,9.085281000000123,411,0,high
462#0,-1552.998814,4.210645999999997,412,0,mid
463#0,-1549.654759,7.554701000000023,413,0,high
464#0,-1551.656057,5.553403000000117,414,0,mid
465#0,-1549.737256,7.472204000000147,415,0,high
466#0,-1549.701493,7.507967000000008,416,0,high
467#0,-1548.472055,8.73740500000008,417,0,high
468#0,-1551.015165,6.194295000000011,418,0,mid
469#0,-1551.087303,6.122157000000016,419,0,mid
47#0,-1551.115428,6.09403199999997,420,0,mid
470#0,-1550.241691,6.967769000000089,421,0,mid
471#0,-1550.956912,6.252547999999933,422,0,mid
472#0,-1551.618391,5.591069000000061,423,0,mid
473#0,-1551.749484,5.459976000000097,424,0,mid
474#0,-1553.103225,4.10623499999997,425,0,mid
475#0,-1553.103227,4.106232999999975,6,0,mid
476#0,-1551.16115,6.048310000000129,426,0,mid
477#0,-1551.749488,5.459972000000107,427,0,mid
478#0,-1553.103228,4.106232000000091,6,0,mid
479#0,-1551.371307,5.838153000000148,428,0,mid
48#0,-1552.19035,5.019109999999955,429,0,mid
480#0,-1551.329523,5.879936999999927,430,0,mid
481#0,-1550.161544,7.0479159999999865,431,0,mid
482#0,-1548.888144,8.321316000000024,432,0,high
483#0,-1544.125981,13.083479000000125,433,0,high
484#0,-1546.84372,10.36573999999996,434,0,high
485#0,-1548.139366,9.070093999999926,435,0,high
486#0,-1550.001681,7.207779000000073,436,0,mid
487#0,-1549.654381,7.555078999999978,437,0,high
488#0,-1548.192767,9.016693000000032,438,0,high
489#0,-1550.260435,6.94902500000012,439,0,mid
49#0,-1547.898428,9.311032000000068,440,0,high
490#0,-1550.372124,6.83733600000005,441,0,mid
491#0,-1550.740364,6.469096000000036,442,0,mid
492#0,-1549.8016,7.407860000000028,443,0,high
493#0,-1552.291597,4.917863000000125,7,0,mid
494#0,-1551.827768,5.38169199999993,444,0,mid
495#0,-1551.790457,5.419002999999975,4,0,mid
496#0,-1552.287863,4.92159700000002,445,0,mid
497#0,-1552.032863,5.176597000000129,446,0,mid
498#0,-1552.032863,5.176597000000129,447,0,mid
499#0,-1549.843263,7.3661970000000565,448,0,high
5#0,-1549.266626,7.942833999999948,449,0,high
50#0,-1547.89843,9.311030000000073,450,0,high
500#0,-1552.03286,5.176600000000008,451,0,mid
501#0,-1548.667523,8.541936999999962,452,0,high
502#0,-1551.335927,5.873532999999952,8,0,mid
503#0,-1548.442847,8.766613000000007,453,0,high
504#0,-1548.139368,9.070091999999931,9,0,high
505#0,-1551.920745,5.288715000000138,454,0,mid
506#0,-1553.103221,4.10623899999996,455,0,mid
507#0,-1550.487256,6.722204000000147,456,0,mid
508#0,-1551.790456,5.419004000000086,457,0,mid
509#0,-1551.790458,5.419002000000091,458,0,mid
51#0,-1549.891524,7.317936000000145,10,0,high
510#0,-1549.572931,7.63652900000011,459,0,high
511#0,-1551.65404,5.55542000000014,460,0,mid
512#0,-1550.700124,6.509336000000076,461,0,mid
513#0,-1550.37212,6.83734000000004,462,0,mid
514#0,-1551.848339,5.361121000000139,463,0,mid
515#0,-1551.618388,5.59107199999994,464,0,mid
516#0,-1549.450437,7.75902300000007,465,0,high
517#0,-1548.749433,8.460027000000082,466,0,high
518#0,-1546.980468,10.228992000000062,467,0,high
519#0,-1551.01022,6.199240000000145,468,0,mid
52#0,-1550.892597,6.316863000000012,469,0,mid
520#0,-1548.722513,8.4869470000001,5,0,high
521#0,-1548.465149,8.744310999999925,470,0,high
522#0,-1548.13937,9.070089999999936,9,0,high
523#0,-1547.094598,10.11486200000013,471,0,high
524#0,-1547.9367,9.272760000000062,472,0,high
525#0,-1549.891523,7.317937000000029,473,0,high
526#0,-1549.480155,7.729305000000068,474,0,high
527#0,-1547.739024,9.470436000000063,475,0,high
528#0,-1550.159756,7.04970400000002,476,0,mid
529#0,-1553.103225,4.10623499999997,477,0,mid
53#0,-1543.077008,14.132452000000058,478,0,high
530#0,-1547.97917,9.230289999999968,479,0,high
531#0,-1547.979161,9.230299000000059,480,0,high
532#0,-1550.740409,6.469051000000036,2,0,mid
533#0,-1545.714374,11.495086000000128,481,0,high
534#0,-1550.277883,6.931577000000061,482,0,mid
535#0,-1547.844811,9.3646490000001,483,0,high
536#0,-1548.579505,8.629955000000109,484,0,high
537#0,-1548.343339,8.866121000000021,485,0,high
538#0,-1551.077227,6.132233000000042,486,0,mid
539#0,-1551.630032,5.579428000000007,487,0,mid
54#0,-1545.136936,12.07252399999993,488,0,high
540#0,-1549.455153,7.754306999999926,489,0,high
541#0,-1550.845979,6.3634810000000925,490,0,mid
542#0,-1550.778661,6.430798999999979,491,0,mid
543#0,-1552.344691,4.864769000000024,492,0,mid
544#0,-1549.865585,7.3438750000000255,493,0,high
545#0,-1551.258045,5.951414999999997,494,0,mid
546#0,-1549.891525,7.317935000000034,495,0,mid
547#0,-1549.891517,7.317943000000014,10,0,high
548#0,-1550.102552,7.106907999999976,496,0,mid
549#0,-1549.479695,7.729765000000043,497,0,high
55#0,-1551.115344,6.094115999999985,498,0,mid
550#0,-1552.291594,4.917866000000004,7,0,mid
551#0,-1549.965299,7.2441610000000765,499,0,mid
552#0,-1550.980018,6.229442000000063,500,0,mid
553#0,-1549.915877,7.293583000000126,501,0,mid
554#0,-1550.740409,6.469051000000036,2,0,mid
555#0,-1543.72135,13.488110000000006,502,0,high
556#0,-1543.283972,13.925488000000087,503,0,high
557#0,-1547.979166,9.230293999999958,504,0,high
558#0,-1552.032867,5.176593000000139,505,0,mid
559#0,-1549.873307,7.3361529999999675,506,0,high
56#0,-1544.882763,12.326696999999967,507,0,high
560#0,-1551.335931,5.873528999999962,508,0,mid
561#0,-1547.29697,9.912489999999934,509,0,high
562#0,-1551.335925,5.873534999999947,8,0,mid
563#0,-1548.841594,8.367866000000049,510,0,high
564#0,-1551.335927,5.873532999999952,511,0,mid
565#0,-1553.448187,3.761273000000074,512,0,low
566#0,-1550.733463,6.475997000000007,513,0,mid
567#0,-1551.699198,5.5102620000000115,514,0,mid
568#0,-1551.127031,6.082429000000047,515,0,mid
569#0,-1551.604565,5.604894999999942,516,0,mid
57#0,-1550.582139,6.627320999999938,517,0,mid
570#0,-1550.043598,7.165862000000061,518,0,mid
571#0,-1550.966515,6.242944999999963,519,0,mid
572#0,-1547.985151,9.224308999999948,520,0,high
573#0,-1553.710575,3.498884999999973,521,0,low
574#0,-1553.708937,3.50052299999993,522,0,low
575#0,-1553.700014,3.5094460000000254,11,0,low
576#0,-1553.699996,3.50946399999998,523,0,low
577#0,-1553.700013,3.5094470000001365,11,0,low
578#0,-1551.55123,5.658230000000003,524,0,mid
579#0,-1551.559256,5.650204000000031,525,0,mid
58#0,-1550.892601,6.316859000000022,526,0,mid
580#0,-1548.608559,8.600901000000022,527,0,high
581#0,-1551.135105,6.074354999999969,528,0,mid
582#0,-1551.986642,5.222817999999961,3,0,mid
583#0,-1551.986643,5.222817000000077,529,0,mid
584#0,-1551.459589,5.749870999999985,530,0,mid
585#0,-1551.077816,6.131644000000051,531,0,mid
586#0,-1542.857331,14.352129000000104,532,0,high
587#0,-1549.433577,7.775883000000022,533,0,high
588#0,-1554.545186,2.6642739999999776,534,0,low
589#0,-1548.150403,9.059056999999939,535,0,high
59#0,-1551.115428,6.09403199999997,536,0,mid
590#0,-1553.790336,3.4191240000000107,537,0,low
591#0,-1548.801169,8.408290999999963,538,0,high
592#0,-1551.699193,5.510267000000113,539,0,mid
593#0,-1551.741725,5.467734999999948,540,0,mid
594#0,-1553.033548,4.175911999999926,541,0,mid
595#0,-1553.136735,4.072724999999991,542,0,mid
596#0,-1551.687236,5.522224000000051,543,0,mid
597#0,-1553.700014,3.5094460000000254,11,0,low
598#0,-1550.228199,6.981261000000131,544,0,mid
599#0,-1551.459571,5.749888999999939,545,0,mid
6#0,-1551.374442,5.835017999999991,546,0,mid
60#0,-1551.115408,6.094052000000147,547,0,mid
600#0,-1551.742881,5.466579000000138,548,0,mid
601#0,-1551.561585,5.647875000000113,549,0,mid
602#0,-1552.719953,4.489507000000003,550,0,mid
603#0,-1551.1509,6.058559999999943,551,0,mid
604#0,-1553.262867,3.946593000000121,552,0,low
605#0,-1551.560921,5.648539000000028,553,0,mid
606#0,-1550.157216,7.052243999999973,554,0,mid
607#0,-1551.560926,5.648533999999927,555,0,mid
608#0,-1550.792158,6.417302000000063,556,0,mid
609#0,-1552.21828,4.991179999999986,557,0,mid
61#0,-1547.226146,9.983314000000064,558,0,high
610#0,-1550.650115,6.559345000000121,559,0,mid
611#0,-1550.947686,6.2617740000000595,560,0,mid
612#0,-1551.759593,5.44986700000004,561,0,mid
613#0,-1553.033549,4.175911000000042,562,0,mid
614#0,-1550.667636,6.541824000000133,563,0,mid
615#0,-1551.065551,6.1439090000001215,564,0,mid
616#0,-1541.049554,16.159906000000092,565,1,high
617#0,-1546.204157,11.00530300000014,566,0,high
618#0,-1551.021726,6.187734000000091,567,0,mid
619#0,-1553.033551,4.175909000000047,568,0,mid
62#0,-1546.781008,10.428452000000107,569,0,high
620#0,-1551.687259,5.5222009999999955,570,0,mid
621#0,-1552.82384,4.385620000000017,571,0,mid
622#0,-1551.957722,5.251737999999932,572,0,mid
623#0,-1553.446441,3.7630189999999857,573,0,low
624#0,-1548.362552,8.846907999999985,574,0,high
625#0,-1551.699199,5.510261000000128,575,0,mid
626#0,-1551.560923,5.648537000000033,576,0,mid
627#0,-1547.232654,9.976806000000124,577,0,high
628#0,-1544.889726,12.319733999999926,578,0,high
629#0,-1547.176484,10.032975999999962,579,0,high
63#0,-1546.951625,10.257835000000114,12,0,high
630#0,-1544.933098,12.276362000000063,580,0,high
631#0,-1551.418183,5.791277000000036,581,0,mid
632#0,-1551.605064,5.6043959999999515,582,0,mid
633#0,-1552.294435,4.915025000000014,583,0,mid
634#0,-1552.294437,4.915023000000019,584,0,mid
635#0,-1538.870624,18.33883600000013,585,1,high
636#0,-1549.316974,7.892485999999963,586,0,high
637#0,-1555.686437,1.5230229999999665,587,0,low
638#0,-1555.922577,1.286882999999989,588,0,low
639#0,-1555.676483,1.5329770000000735,589,0,low
64#0,-1550.126944,7.082515999999941,590,0,mid
640#0,-1549.316976,7.892483999999968,591,0,high
641#0,-1553.475963,3.733496999999943,592,0,low
642#0,-1552.752956,4.456503999999995,593,0,mid
643#0,-1552.9708,4.238659999999982,594,0,mid
644#0,-1553.415608,3.7938520000000153,595,0,low
645#0,-1553.844201,3.3652589999999236,596,0,low
646#0,-1552.63572,4.573740000000043,597,0,mid
647#0,-1552.882456,4.327003999999988,598,0,mid
648#0,-1552.022128,5.187331999999969,599,0,mid
649#0,-1552.044407,5.1650529999999435,600,0,mid
65#0,-1546.95163,10.257830000000013,12,0,high
650#0,-1548.205568,9.00389199999995,601,0,high
651#0,-1551.163853,6.045607000000018,602,0,mid
652#0,-1550.251653,6.9578070000000025,603,0,mid
653#0,-1551.389033,5.820427000000109,604,0,mid
654#0,-1552.778519,4.430941000000075,605,0,mid
655#0,-1551.558326,5.651133999999956,606,0,mid
656#0,-1551.547105,5.662354999999934,607,0,mid
657#0,-1552.099703,5.109756999999945,608,0,mid
658#0,-1553.215698,3.9937620000000607,609,0,low
659#0,-1552.324414,4.885046000000102,610,0,mid
66#0,-1550.241701,6.967759000000115,611,0,mid
660#0,-1554.182184,3.027276000000029,612,0,low
661#0,-1551.606078,5.6033820000000105,613,0,mid
662#0,-1553.844198,3.3652620000000297,614,0,low
663#0,-1552.234793,4.974666999999954,615,0,mid
664#0,-1552.621306,4.588154000000031,616,0,mid
665#0,-1553.471863,3.7375970000000507,617,0,low
666#0,-1551.731636,5.477824000000055,618,0,mid
667#0,-1552.51333,4.696130000000039,619,0,mid
668#0,-1552.37017,4.839290000000119,620,0,mid
669#0,-1553.109806,4.0996540000001005,621,0,mid
67#0,-1542.676778,14.532682000000023,622,0,high
670#0,-1552.308032,4.901428000000124,623,0,mid
671#0,-1551.897453,5.312006999999994,624,0,mid
672#0,-1552.177724,5.031736000000137,625,0,mid
673#0,-1552.777499,4.431961000000001,626,0,mid
674#0,-1551.344422,5.8650380000001405,627,0,mid
675#0,-1551.355813,5.853647000000137,628,0,mid
676#0,-1550.101748,7.107711999999992,629,0,mid
677#0,-1550.245202,6.9642579999999725,630,0,mid
678#0,-1554.181389,3.0280709999999544,631,0,low
679#0,-1552.666983,4.542476999999963,632,0,mid
68#0,-1547.669236,9.54022400000008,633,0,high
680#0,-1553.788298,3.421162000000095,634,0,low
681#0,-1553.899189,3.310271000000057,635,0,low
682#0,-1550.464354,6.745106000000078,636,0,mid
683#0,-1551.499398,5.710062000000107,637,0,mid
684#0,-1551.89933,5.310130000000072,638,0,mid
685#0,-1551.566523,5.6429370000000745,639,0,mid
686#0,-1555.144979,2.0644810000001144,640,0,low
687#0,-1553.497374,3.7120859999999993,641,0,low
688#0,-1554.73131,2.4781500000001415,642,0,low
689#0,-1554.230801,2.978659000000107,643,0,low
69#0,-1551.171414,6.038046000000122,644,0,mid
690#0,-1555.519593,1.6898670000000493,645,0,low
691#0,-1550.336562,6.8728980000000774,646,0,mid
692#0,-1554.687024,2.5224359999999706,647,0,low
693#0,-1553.985349,3.2241109999999935,648,0,low
694#0,-1552.832429,4.377030999999988,649,0,mid
695#0,-1550.306855,6.902604999999994,650,0,mid
696#0,-1553.758535,3.4509250000000975,651,0,low
697#0,-1551.85119,5.358269999999948,652,0,mid
698#0,-1551.406809,5.802650999999969,653,0,mid
699#0,-1550.551727,6.6577330000000075,654,0,mid
7#0,-1554.235126,2.974333999999999,655,0,low
70#0,-1551.174891,6.034569000000147,656,0,mid
700#0,-1553.479507,3.729953000000023,657,0,low
701#0,-1553.442527,3.7669330000001082,658,0,low
702#0,-1552.112417,5.097042999999985,659,0,mid
703#0,-1552.735003,4.474457000000029,660,0,mid
704#0,-1552.797933,4.411526999999978,661,0,mid
705#0,-1553.88473,3.324730000000045,662,0,low
706#0,-1555.569022,1.640438000000131,663,0,low
707#0,-1554.357546,2.851914000000079,664,0,low
708#0,-1554.514285,2.695175000000063,665,0,low
709#0,-1555.114359,2.0951010000001133,666,0,low
71#0,-1547.718672,9.490788000000066,667,0,high
710#0,-1553.719385,3.4900749999999334,668,0,low
711#0,-1551.003084,6.206376000000091,669,0,mid
712#0,-1551.950672,5.258788000000095,670,0,mid
713#0,-1553.830173,3.3792869999999766,671,0,low
714#0,-1552.155126,5.054333999999926,672,0,mid
715#0,-1553.448611,3.7608490000000074,673,0,low
716#0,-1551.364619,5.844841000000088,674,0,mid
717#0,-1550.456529,6.75293099999999,675,0,mid
718#0,-1553.899607,3.3098529999999755,676,0,low
719#0,-1555.181779,2.0276810000000296,677,0,low
72#0,-1552.638205,4.571255000000065,678,0,mid
720#0,-1553.477833,3.731627000000117,679,0,low
721#0,-1554.468774,2.740686000000096,680,0,low
722#0,-1555.433279,1.7761809999999514,681,0,low
723#0,-1553.683823,3.5256369999999606,682,0,low
724#0,-1552.559464,4.649996000000101,683,0,mid
725#0,-1551.657535,5.551924999999983,684,0,mid
726#0,-1553.169269,4.04019100000005,685,0,mid
727#0,-1555.309712,1.899748000000045,686,0,low
728#0,-1552.903865,4.305595000000039,687,0,mid
729#0,-1555.438576,1.7708840000000237,688,0,low
73#0,-1552.645581,4.563879000000043,689,0,mid
730#0,-1554.089651,3.119809000000032,690,0,low
731#0,-1554.685882,2.523578000000043,691,0,low
732#0,-1555.23295,1.976509999999962,692,0,low
733#0,-1554.18361,3.0258499999999913,693,0,low
734#0,-1552.52874,4.680720000000065,694,0,mid
735#0,-1555.485703,1.7237569999999778,695,0,low
736#0,-1552.69284,4.516620000000103,696,0,mid
737#0,-1553.843969,3.36549100000002,697,0,low
738#0,-1549.754092,7.455368000000135,698,0,high
739#0,-1552.661507,4.547953000000007,699,0,mid
74#0,-1549.217736,7.9917239999999765,700,0,high
740#0,-1550.421039,6.788420999999971,701,0,mid
741#0,-1550.607391,6.602069000000029,702,0,mid
742#0,-1549.649734,7.559725999999955,703,0,high
743#0,-1553.285688,3.923772000000099,704,0,low
744#0,-1548.210784,8.998675999999932,705,0,high
745#0,-1548.210815,8.998645000000124,706,0,high
746#0,-1548.210809,8.998651000000109,707,0,high
747#0,-1550.924357,6.2851029999999355,708,0,mid
748#0,-1549.455719,7.753740999999991,709,0,high
749#0,-1549.455723,7.753737000000001,710,0,high
75#0,-1552.645517,4.563943000000108,711,0,mid
750#0,-1550.651153,6.558307000000013,712,0,mid
751#0,-1551.464725,5.7447349999999915,713,0,mid
752#0,-1551.113167,6.09629300000006,714,0,mid
753#0,-1552.680513,4.5289470000000165,715,0,mid
754#0,-1552.645556,4.563904000000093,716,0,mid
755#0,-1553.379199,3.830261000000064,717,0,low
756#0,-1551.620104,5.5893559999999525,718,0,mid
757#0,-1544.632853,12.576606999999967,719,0,high
758#0,-1550.030158,7.179302000000007,720,0,mid
759#0,-1554.689836,2.5196240000000216,721,0,low
76#0,-1547.718682,9.490778000000091,722,0,high
760#0,-1553.639651,3.5698090000000775,723,0,low
761#0,-1553.63631,3.5731499999999414,13,0,low
762#0,-1550.489205,6.720254999999952,724,0,mid
763#0,-1546.391135,10.818324999999959,725,0,high
764#0,-1547.928309,9.281151000000136,726,0,high
765#0,-1549.014071,8.195388999999977,727,0,high
766#0,-1550.7013,6.508160000000089,728,0,mid
767#0,-1554.229044,2.9804160000001048,729,0,low
768#0,-1552.277642,4.931818000000021,730,0,mid
769#0,-1551.035295,6.17416500000013,731,0,mid
77#0,-1549.852565,7.356895000000122,732,0,high
770#0,-1553.644068,3.5653919999999744,733,0,low
771#0,-1552.169721,5.039739000000054,734,0,mid
772#0,-1551.936736,5.272723999999926,735,0,mid
773#0,-1552.69981,4.509649999999965,736,0,mid
774#0,-1555.706711,1.5027489999999943,737,0,low
775#0,-1553.403897,3.80556300000012,738,0,low
776#0,-1550.477906,6.73155399999996,739,0,mid
777#0,-1555.557674,1.6517860000001292,740,0,low
778#0,-1552.705406,4.5040539999999964,741,0,mid
779#0,-1553.263822,3.9456380000001445,742,0,low
78#0,-1530.908363,26.301097000000027,743,1,high
780#0,-1552.18403,5.025430000000142,744,0,mid
781#0,-1553.463381,3.746079000000009,745,0,low
782#0,-1554.331682,2.877778000000035,746,0,low
783#0,-1549.638286,7.571173999999928,747,0,high
784#0,-1547.858327,9.351133000000118,748,0,high
785#0,-1553.275921,3.93353900000011,749,0,low
786#0,-1553.28887,3.9205899999999474,750,0,low
787#0,-1554.206192,3.0032679999999345,751,0,low
788#0,-1547.417307,9.792153000000098,752,0,high
789#0,-1553.543247,3.6662129999999706,753,0,low
79#0,-1553.021399,4.1880610000000615,754,0,mid
790#0,-1547.473149,9.736311000000114,755,0,high
791#0,-1547.838286,9.37117400000011,756,0,high
792#0,-1554.920954,2.2885060000000976,757,0,low
793#0,-1550.311942,6.897517999999991,758,0,mid
794#0,-1550.68632,6.523140000000012,759,0,mid
795#0,-1553.387938,3.821521999999959,760,0,low
796#0,-1554.683879,2.525581000000102,761,0,low
797#0,-1552.55817,4.651290000000017,762,0,mid
798#0,-1552.565967,4.643493000000035,763,0,mid
799#0,-1552.836919,4.372540999999956,764,0,mid
8#0,-1548.082634,9.126825999999937,765,0,high
80#0,-1553.018636,4.1908240000000205,766,0,mid
800#0,-1546.842247,10.367212999999992,767,0,high
801#0,-1549.888542,7.32091800000012,768,0,high
802#0,-1550.5688,6.640660000000025,769,0,mid
803#0,-1551.917181,5.292279000000008,770,0,mid
804#0,-1556.299794,0.9096660000000156,771,0,low
805#0,-1552.908974,4.300486000000092,772,0,mid
806#0,-1553.880133,3.3293270000001485,773,0,low
807#0,-1553.521083,3.688376999999946,774,0,low
808#0,-1544.872021,12.337439000000131,775,0,high
809#0,-1545.009153,12.200307000000066,776,0,high
81#0,-1550.555006,6.654453999999987,777,0,mid
810#0,-1544.889731,12.319729000000052,778,0,high
811#0,-1545.009159,12.200301000000081,14,0,high
812#0,-1544.881795,12.327665000000025,15,0,high
813#0,-1553.104733,4.104727000000139,779,0,mid
814#0,-1553.104766,4.104694000000109,780,0,mid
815#0,-1555.3829,1.8265599999999722,781,0,low
816#0,-1555.4697,1.739759999999933,782,0,low
817#0,-1555.676479,1.5329810000000634,783,0,low
818#0,-1555.373209,1.8362509999999475,784,0,low
819#0,-1555.694358,1.51510200000007,785,0,low
82#0,-1543.403592,13.805868000000146,786,0,high
820#0,-1553.490919,3.7185409999999592,787,0,low
821#0,-1555.676459,1.533001000000013,788,0,low
822#0,-1551.706449,5.503011000000015,789,0,mid
823#0,-1551.670191,5.539269000000104,790,0,mid
824#0,-1553.156732,4.052728000000116,791,0,mid
825#0,-1555.915113,1.2943470000000161,792,0,low
826#0,-1550.52539,6.68407000000002,793,0,mid
827#0,-1550.525383,6.684077000000116,794,0,mid
828#0,-1551.051315,6.158145000000104,795,0,mid
829#0,-1550.525388,6.684072000000015,796,0,mid
83#0,-1543.403591,13.80586900000003,797,0,high
830#0,-1551.918312,5.291148000000021,798,0,mid
831#0,-1555.167578,2.041881999999987,799,0,low
832#0,-1549.369223,7.840237000000116,800,0,high
833#0,-1554.654768,2.554691999999932,801,0,low
834#0,-1551.739284,5.470176000000038,802,0,mid
835#0,-1549.752334,7.457126000000017,803,0,high
836#0,-1551.739287,5.470172999999932,804,0,mid
837#0,-1552.301842,4.907617999999957,805,0,mid
838#0,-1548.156925,9.052535000000034,806,0,high
839#0,-1553.738382,3.471078000000034,807,0,low
84#0,-1549.369602,7.839858000000049,808,0,high
840#0,-1552.781831,4.4276290000000245,809,0,mid
841#0,-1549.528714,7.680745999999999,810,0,high
842#0,-1552.273042,4.936418000000003,811,0,mid
843#0,-1552.273041,4.9364190000001145,812,0,mid
844#0,-1553.324241,3.8852190000000064,813,0,low
845#0,-1552.316722,4.8927380000000085,814,0,mid
846#0,-1553.343248,3.8662120000001323,815,0,low
847#0,-1554.665117,2.5443430000000262,816,0,low
848#0,-1554.058158,3.151301999999987,817,0,low
849#0,-1554.97959,2.229870000000119,818,0,low
85#0,-1549.369581,7.83987900000011,819,0,high
850#0,-1552.873748,4.335712000000058,820,0,mid
851#0,-1551.179612,6.029848000000129,821,0,mid
852#0,-1552.596598,4.61286199999995,822,0,mid
853#0,-1551.956153,5.25330699999995,823,0,mid
854#0,-1553.238322,3.97113800000011,824,0,low
855#0,-1545.009155,12.200305000000071,14,0,high
856#0,-1545.009163,12.200297000000091,14,0,high
857#0,-1545.009171,12.200289000000112,14,0,high
858#0,-1553.636311,3.5731490000000576,16,0,low
859#0,-1544.800755,12.408705000000054,17,0,high
86#0,-1551.956607,5.252852999999959,825,0,mid
860#0,-1553.647827,3.561633000000029,826,0,low
861#0,-1544.881796,12.32766400000014,15,0,high
862#0,-1544.872016,12.337444000000005,827,0,high
863#0,-1544.881795,12.327665000000025,15,0,high
864#0,-1544.881795,12.327665000000025,15,0,high
865#0,-1553.636314,3.5731459999999515,13,0,low
866#0,-1545.254021,11.95543900000007,828,0,high
867#0,-1555.239135,1.9703250000000025,829,0,low
868#0,-1544.800755,12.408705000000054,17,0,high
869#0,-1553.636297,3.5731630000000223,16,0,low
87#0,-1549.369596,7.839864000000034,830,0,high
870#0,-1553.998235,3.211225000000013,831,0,low
871#0,-1553.735471,3.473989000000074,832,0,low
872#0,-1553.599614,3.6098460000000614,833,0,low
873#0,-1553.846892,3.36256800000001,834,0,low
874#0,-1552.114348,5.095111999999972,835,0,mid
875#0,-1552.747926,4.461534000000029,836,0,mid
876#0,-1553.182352,4.027107999999998,837,0,low
877#0,-1553.030095,4.179364999999962,838,0,mid
878#0,-1551.869888,5.339572000000089,839,0,mid
879#0,-1552.043035,5.1664250000001175,840,0,mid
88#0,-1549.233864,7.975595999999996,841,0,high
880#0,-1552.715048,4.494412000000011,842,0,mid
881#0,-1552.331671,4.877789000000121,843,0,mid
882#0,-1552.063497,5.145962999999938,844,0,mid
883#0,-1553.468841,3.740618999999924,845,0,low
884#0,-1553.494883,3.714576999999963,846,0,low
885#0,-1553.0026,4.206860000000006,847,0,mid
886#0,-1553.69394,3.515519999999924,848,0,low
887#0,-1552.954069,4.255391000000145,849,0,mid
888#0,-1555.592856,1.616604000000052,850,0,low
889#0,-1554.540749,2.6687110000000303,851,0,low
89#0,-1545.073652,12.135807999999997,18,0,high
890#0,-1554.389354,2.8201060000001235,852,0,low
891#0,-1554.834936,2.374524000000065,853,0,low
892#0,-1553.621115,3.5883450000001176,854,0,low
893#0,-1552.314965,4.894495000000006,855,0,mid
894#0,-1554.551221,2.658239000000094,856,0,low
895#0,-1553.893351,3.316109000000097,857,0,low
896#0,-1553.540372,3.6690880000001016,858,0,low
897#0,-1552.553079,4.65638100000001,859,0,mid
898#0,-1555.581085,1.6283750000000055,860,0,low
899#0,-1544.889708,12.319752000000108,861,0,high
9#0,-1554.810396,2.399063999999953,862,0,low
90#0,-1545.073653,12.135807000000113,18,0,high
900#0,-1555.26791,1.9415500000000065,863,0,low
901#0,-1552.016813,5.192647000000079,864,0,mid
902#0,-1551.418171,5.791289000000006,865,0,mid
903#0,-1546.375287,10.834172999999964,866,0,high
904#0,-1551.949162,5.260298000000148,867,0,mid
905#0,-1550.296365,6.913095000000112,868,0,mid
906#0,-1549.364491,7.844968999999992,869,0,high
907#0,-1544.788171,12.421289000000115,870,0,high
908#0,-1538.497324,18.7121360000001,871,1,high
909#0,-1551.470058,5.739401999999927,872,0,mid
91#0,-1545.073652,12.135807999999997,18,0,high
910#0,-1551.456814,5.752646000000141,873,0,mid
911#0,-1551.568282,5.641178000000082,874,0,mid
912#0,-1550.586783,6.622677000000067,875,0,mid
913#0,-1544.911398,12.298062000000073,876,0,high
914#0,-1553.139074,4.070386000000099,877,0,mid
915#0,-1553.44653,3.7629300000000967,878,0,low
916#0,-1550.485821,6.723639000000048,879,0,mid
917#0,-1550.201741,7.007718999999952,880,0,mid
918#0,-1555.942374,1.267086000000063,0,0,low
919#0,-1555.881308,1.3281520000000455,881,0,low
92#0,-1545.073653,12.135807000000113,18,0,high
920#0,-1550.703443,6.506016999999929,882,0,mid
921#0,-1552.126797,5.082663000000139,883,0,mid
922#0,-1553.33042,3.879040000000032,884,0,low
923#0,-1549.705642,7.5038180000001375,885,0,high
924#0,-1552.400677,4.8087829999999485,886,0,mid
925#0,-1552.853189,4.356271000000106,887,0,mid
926#0,-1552.853188,4.35627199999999,888,0,mid
927#0,-1550.796882,6.4125779999999395,889,0,mid
928#0,-1555.172182,2.037278000000015,890,0,low
929#0,-1552.90619,4.303270000000111,891,0,mid
93#0,-1553.349893,3.85956699999997,892,0,low
930#0,-1555.330285,1.879175000000032,893,0,low
931#0,-1555.433278,1.7761820000000625,894,0,low
932#0,-1551.217809,5.991651000000047,895,0,mid
933#0,-1555.66793,1.541529999999966,896,0,low
934#0,-1555.942374,1.267086000000063,0,0,low
935#0,-1553.964507,3.244953000000123,897,0,low
936#0,-1555.915122,1.2943379999999252,898,0,low
937#0,-1545.197863,12.011596999999938,899,0,high
938#0,-1547.175028,10.034431999999924,900,0,high
939#0,-1552.819534,4.3899260000000595,901,0,mid
94#0,-1552.465157,4.744302999999945,902,0,mid
940#0,-1554.604487,2.6049729999999727,903,0,low
941#0,-1555.674608,1.5348520000000008,904,0,low
942#0,-1550.003267,7.206192999999985,905,0,mid
943#0,-1553.987536,3.2219239999999445,906,0,low
944#0,-1554.635058,2.5744019999999637,907,0,low
945#0,-1554.096016,3.1134440000000723,908,0,low
946#0,-1553.632494,3.576966000000084,909,0,low
947#0,-1555.845086,1.364373999999998,910,0,low
948#0,-1554.917773,2.291687000000138,911,0,low
949#0,-1554.173172,3.036288000000013,912,0,low
95#0,-1553.335312,3.8741480000001047,913,0,low
950#0,-1555.845105,1.3643549999999323,914,0,low
951#0,-1552.132459,5.077001000000109,915,0,mid
952#0,-1555.942376,1.267084000000068,916,0,low
953#0,-1553.124264,4.085195999999996,917,0,mid
954#0,-1554.545393,2.664066999999932,918,0,low
955#0,-1549.960485,7.248974999999973,919,0,mid
956#0,-1555.674641,1.5348189999999704,920,0,low
957#0,-1555.674592,1.5348679999999604,921,0,low
958#0,-1555.942367,1.2670929999999316,922,0,low
959#0,-1555.942366,1.2670940000000428,923,0,low
96#0,-1546.665503,10.543957000000091,924,0,high
960#0,-1555.67464,1.5348200000000816,925,0,low
961#0,-1555.249173,1.9602870000001076,926,0,low
962#0,-1545.768121,11.44133899999997,927,0,high
963#0,-1545.768122,11.441338000000087,928,0,high
964#0,-1552.730042,4.479418000000123,929,0,mid
965#0,-1547.922771,9.286689000000024,930,0,high
966#0,-1548.668299,8.541161000000102,931,0,high
967#0,-1547.197536,10.011924000000135,932,0,high
968#0,-1554.378923,2.8305370000000494,933,0,low
969#0,-1550.25018,6.959280000000035,934,0,mid
97#0,-1552.886527,4.322933000000148,935,0,mid
970#0,-1551.885548,5.323912000000064,936,0,mid
971#0,-1554.378931,2.8305290000000696,937,0,low
972#0,-1552.207218,5.002242000000024,938,0,mid
973#0,-1547.197534,10.01192600000013,939,0,high
974#0,-1546.780996,10.428464000000076,940,0,high
975#0,-1545.550012,11.659448000000111,941,0,high
976#0,-1546.781003,10.42845699999998,942,0,high
977#0,-1550.541267,6.668192999999974,943,0,mid
978#0,-1552.904167,4.30529300000012,944,0,mid
979#0,-1551.68254,5.526920000000018,945,0,mid
98#0,-1553.335317,3.8741430000000037,946,0,low
980#0,-1553.759792,3.449667999999974,947,0,low
981#0,-1552.649272,4.5601879999999255,948,0,mid
982#0,-1552.831156,4.378304000000071,949,0,mid
983#0,-1553.339987,3.869472999999971,950,0,low
984#0,-1552.800208,4.409251999999924,951,0,mid
985#0,-1554.812138,2.397322000000031,952,0,low
986#0,-1552.882114,4.327346000000034,953,0,mid
987#0,-1553.639654,3.5698059999999714,954,0,low
988#0,-1555.482031,1.7274290000000292,955,0,low
989#0,-1545.179557,12.029903000000104,956,0,high
99#0,-1546.665516,10.54394400000001,957,0,high
990#0,-1549.148376,8.061083999999937,958,0,high
991#0,-1549.998946,7.210514000000103,959,0,mid
992#0,-1549.54879,7.660669999999982,960,0,high
993#0,-1552.718875,4.49058500000001,961,0,mid
994#0,-1552.440062,4.7693980000001375,962,0,mid
995#0,-1550.631924,6.577536000000009,963,0,mid
996#0,-1549.48106,7.728399999999965,964,0,high
997#0,-1552.75686,4.452600000000075,965,0,mid
998#0,-1553.703898,3.5055620000000545,966,0,low
999#0,-1553.358472,3.850988000000143,967,0,low
